Run,ReleaseDate,LoadDate,spots,bases,spots_with_mates,avgLength,size_MB,AssemblyName,download_path,Experiment,LibraryName,LibraryStrategy,LibrarySelection,LibrarySource,LibraryLayout,InsertSize,InsertDev,Platform,Model,SRAStudy,BioProject,Study_Pubmed_id,ProjectID,Sample,BioSample,SampleType,TaxID,ScientificName,SampleName,g1k_pop_code,source,g1k_analysis_group,Subject_ID,Sex,Disease,Tumor,Affection_Status,Analyte_Type,Histological_Type,Body_Site,CenterName,Submission,dbgap_study_accession,Consent,RunHash,ReadHash
SRR12881621,2020/10/23 3:52,2020/10/23 3:50,72708,26056649,0,358,22,,https://sra-download.ncbi.nlm.nih.gov/traces/sra3/SRR/012579/SRR12881621,SRX9347563,nimh-seq-02,AMPLICON,PCR,OTHER,SINGLE,0,0,OXFORD_NANOPORE,MinION,SRP288253,PRJNA670824,,670824,SRS7570556,SAMN16521210,simple,2697049,Severe acute respiratory syndrome coronavirus 2,nimh-seq-02,,,,,,,no,,,,,NATIONAL INSTITUTE OF MENTAL HEALTH AND NEUROSCIENCES,SRA1146677,,public,8D20D6CC6DE5786DA2EB31F364F9AF18,59F029740D35135C88C33BDD36BCEDC8
SRR12881620,2020/10/23 3:52,2020/10/23 3:50,259298,97408422,0,375,85,,https://sra-download.ncbi.nlm.nih.gov/traces/sra48/SRR/012579/SRR12881620,SRX9347564,nimh-seq-03,AMPLICON,PCR,OTHER,SINGLE,0,0,OXFORD_NANOPORE,MinION,SRP288253,PRJNA670824,,670824,SRS7570557,SAMN16521211,simple,2697049,Severe acute respiratory syndrome coronavirus 2,nimh-seq-03,,,,,,,no,,,,,NATIONAL INSTITUTE OF MENTAL HEALTH AND NEUROSCIENCES,SRA1146677,,public,59DF4F88C8208EDA0004CA236E4FDAD4,75DC0EC713406411F938A18F4D165F8C
SRR12881619,2020/10/23 3:52,2020/10/23 3:50,278145,103567105,0,372,90,,https://sra-download.ncbi.nlm.nih.gov/traces/sra64/SRR/012579/SRR12881619,SRX9347565,nimh-seq-04,AMPLICON,PCR,OTHER,SINGLE,0,0,OXFORD_NANOPORE,MinION,SRP288253,PRJNA670824,,670824,SRS7570558,SAMN16521212,simple,2697049,Severe acute respiratory syndrome coronavirus 2,nimh-seq-04,,,,,,,no,,,,,NATIONAL INSTITUTE OF MENTAL HEALTH AND NEUROSCIENCES,SRA1146677,,public,8079A53CF1740DDC620EEF47B79A24EC,94B8799ECCADC1535E3C0EAA471316B1
SRR12881618,2020/10/23 3:52,2020/10/23 3:50,349676,130148395,0,372,113,,https://sra-download.ncbi.nlm.nih.gov/traces/sra47/SRR/012579/SRR12881618,SRX9347566,nimh-seq-05,AMPLICON,PCR,OTHER,SINGLE,0,0,OXFORD_NANOPORE,MinION,SRP288253,PRJNA670824,,670824,SRS7570559,SAMN16521213,simple,2697049,Severe acute respiratory syndrome coronavirus 2,nimh-seq-05,,,,,,,no,,,,,NATIONAL INSTITUTE OF MENTAL HEALTH AND NEUROSCIENCES,SRA1146677,,public,1817576E2D3D49DC46A90F0B18F7087D,6977B6E6316E3AA1A3FA5B5EDDD3D17D
SRR12881617,2020/10/23 3:52,2020/10/23 3:50,86678,32203372,0,371,28,,https://sra-download.ncbi.nlm.nih.gov/traces/sra60/SRR/012579/SRR12881617,SRX9347567,nimh-seq-06,AMPLICON,PCR,OTHER,SINGLE,0,0,OXFORD_NANOPORE,MinION,SRP288253,PRJNA670824,,670824,SRS7570560,SAMN16521214,simple,2697049,Severe acute respiratory syndrome coronavirus 2,nimh-seq-06,,,,,,,no,,,,,NATIONAL INSTITUTE OF MENTAL HEALTH AND NEUROSCIENCES,SRA1146677,,public,19E9B18F8ED5A75D20C8699FF1E26258,65FD4BDF4CAB06E1151872C1D99BC45B
SRR12881616,2020/10/23 3:52,2020/10/23 3:50,111575,31351481,0,280,27,,https://sra-download.ncbi.nlm.nih.gov/traces/sra48/SRR/012579/SRR12881616,SRX9347568,nimh-seq-07,AMPLICON,PCR,OTHER,SINGLE,0,0,OXFORD_NANOPORE,MinION,SRP288253,PRJNA670824,,670824,SRS7570561,SAMN16521215,simple,2697049,Severe acute respiratory syndrome coronavirus 2,nimh-seq-07,,,,,,,no,,,,,NATIONAL INSTITUTE OF MENTAL HEALTH AND NEUROSCIENCES,SRA1146677,,public,569DA0423BBBB1DA5E0A160C6F0A905E,15BC5CFA61CAFE5C2EBA24530B296150
SRR12881615,2020/10/23 3:52,2020/10/23 3:50,181421,67528204,0,372,59,,https://sra-download.ncbi.nlm.nih.gov/traces/sra58/SRR/012579/SRR12881615,SRX9347569,nimh-seq-08,AMPLICON,PCR,OTHER,SINGLE,0,0,OXFORD_NANOPORE,MinION,SRP288253,PRJNA670824,,670824,SRS7570562,SAMN16521216,simple,2697049,Severe acute respiratory syndrome coronavirus 2,nimh-seq-08,,,,,,,no,,,,,NATIONAL INSTITUTE OF MENTAL HEALTH AND NEUROSCIENCES,SRA1146677,,public,BD95D70F71A83B98BF4074BB4E59EE95,0D040CBA09F66E1534D8D5108DCC3A68
SRR12881614,2020/10/23 3:53,2020/10/23 3:50,175069,63502027,0,362,56,,https://sra-download.ncbi.nlm.nih.gov/traces/sra7/SRR/012579/SRR12881614,SRX9347570,nimh-seq-09,AMPLICON,PCR,OTHER,SINGLE,0,0,OXFORD_NANOPORE,MinION,SRP288253,PRJNA670824,,670824,SRS7570563,SAMN16521217,simple,2697049,Severe acute respiratory syndrome coronavirus 2,nimh-seq-09,,,,,,,no,,,,,NATIONAL INSTITUTE OF MENTAL HEALTH AND NEUROSCIENCES,SRA1146677,,public,D6CAF39A26696F459AF32D0568E48ED1,DBC9FE7D985619F6E1AC68A43E18111E
SRR12881613,2020/10/23 3:53,2020/10/23 3:50,124100,45849959,0,369,40,,https://sra-download.ncbi.nlm.nih.gov/traces/sra72/SRR/012579/SRR12881613,SRX9347571,nimh-seq-10,AMPLICON,PCR,OTHER,SINGLE,0,0,OXFORD_NANOPORE,MinION,SRP288253,PRJNA670824,,670824,SRS7570564,SAMN16521218,simple,2697049,Severe acute respiratory syndrome coronavirus 2,nimh-seq-10,,,,,,,no,,,,,NATIONAL INSTITUTE OF MENTAL HEALTH AND NEUROSCIENCES,SRA1146677,,public,ABAB8C9DB8C3472C3F382F61C6F082CF,1E7F3545B40C261993A42864492946E5
SRR12886392,2020/10/24 2:38,2020/10/24 2:36,667609,248223048,0,371,217,,https://sra-download.ncbi.nlm.nih.gov/traces/sra75/SRR/012584/SRR12886392,SRX9352074,nimh-seq-100,AMPLICON,PCR,OTHER,SINGLE,0,0,OXFORD_NANOPORE,MinION,SRP288253,PRJNA670824,,670824,SRS7575402,SAMN16534084,simple,2697049,Severe acute respiratory syndrome coronavirus 2,nimh-seq-100,,,,,,,no,,,,,NATIONAL INSTITUTE OF MENTAL HEALTH AND NEUROSCIENCES,SRA1147418,,public,B0BF319D6F80AF11B85EA16B3FD66555,34071316FC618A8DCC7E05B240FE2956
SRR12896328,2020/10/26 2:18,2020/10/26 2:03,239802,92589780,0,386,80,,https://sra-download.ncbi.nlm.nih.gov/traces/sra60/SRR/012594/SRR12896328,SRX9361393,nimh-seq-101,AMPLICON,PCR,OTHER,SINGLE,0,0,OXFORD_NANOPORE,MinION,SRP288253,PRJNA670824,,670824,SRS7584290,SAMN16550973,simple,2697049,Severe acute respiratory syndrome coronavirus 2,nimh-seq-101,,,,,,,no,,,,,NATIONAL INSTITUTE OF MENTAL HEALTH AND NEUROSCIENCES,SRA1147703,,public,CD479268F4E3C054FBF17A3CFE35140F,C138483752479EB8FDFC06F81E528C47
SRR12897650,2020/10/26 5:58,2020/10/26 5:55,67142,14658414,0,218,13,,https://sra-download.ncbi.nlm.nih.gov/traces/sra78/SRR/012595/SRR12897650,SRX9362712,nimh-seq-11,AMPLICON,PCR,OTHER,SINGLE,0,0,OXFORD_NANOPORE,MinION,SRP288253,PRJNA670824,,670824,SRS7585553,SAMN16551550,simple,2697049,Severe acute respiratory syndrome coronavirus 2,nimh-seq-11,,,,,,,no,,,,,NATIONAL INSTITUTE OF MENTAL HEALTH AND NEUROSCIENCES,SRA1147720,,public,F16715EC50E962BBBF1EC8F2D89CC426,F322D92C70C86B344F15189A4C3874AA
SRR12897649,2020/10/26 5:58,2020/10/26 5:55,58793,10223540,0,173,9,,https://sra-download.ncbi.nlm.nih.gov/traces/sra65/SRR/012595/SRR12897649,SRX9362713,nimh-seq-12,AMPLICON,PCR,OTHER,SINGLE,0,0,OXFORD_NANOPORE,MinION,SRP288253,PRJNA670824,,670824,SRS7585554,SAMN16551551,simple,2697049,Severe acute respiratory syndrome coronavirus 2,nimh-seq-12,,,,,,,no,,,,,NATIONAL INSTITUTE OF MENTAL HEALTH AND NEUROSCIENCES,SRA1147720,,public,7F03E7A36D8195BE76B9731B265E3EF8,48F3EBDD937260DA920D57A71E1A3EFE
SRR12897648,2020/10/26 5:58,2020/10/26 5:55,79047,27347202,0,345,24,,https://sra-download.ncbi.nlm.nih.gov/traces/sra18/SRR/012595/SRR12897648,SRX9362714,nimh-seq-13,AMPLICON,PCR,OTHER,SINGLE,0,0,OXFORD_NANOPORE,MinION,SRP288253,PRJNA670824,,670824,SRS7585555,SAMN16551552,simple,2697049,Severe acute respiratory syndrome coronavirus 2,nimh-seq-13,,,,,,,no,,,,,NATIONAL INSTITUTE OF MENTAL HEALTH AND NEUROSCIENCES,SRA1147720,,public,B5BBA3DC35F9B7B0B32E5E8814B29CA0,20C5032CC4448E5EAC279D7E01B9D4F2
SRR12897647,2020/10/26 5:58,2020/10/26 5:55,10227,1767038,0,172,1,,https://sra-download.ncbi.nlm.nih.gov/traces/sra11/SRR/012595/SRR12897647,SRX9362715,nimh-seq-14,AMPLICON,PCR,OTHER,SINGLE,0,0,OXFORD_NANOPORE,MinION,SRP288253,PRJNA670824,,670824,SRS7585556,SAMN16551553,simple,2697049,Severe acute respiratory syndrome coronavirus 2,nimh-seq-14,,,,,,,no,,,,,NATIONAL INSTITUTE OF MENTAL HEALTH AND NEUROSCIENCES,SRA1147720,,public,39035D3F837D260809223385054CA101,0E297C6229CE658538F98905F8E8563C
SRR12897646,2020/10/26 5:58,2020/10/26 5:55,113305,49541747,0,437,43,,https://sra-download.ncbi.nlm.nih.gov/traces/sra53/SRR/012595/SRR12897646,SRX9362716,nimh-seq-15,AMPLICON,PCR,OTHER,SINGLE,0,0,OXFORD_NANOPORE,MinION,SRP288253,PRJNA670824,,670824,SRS7585557,SAMN16551554,simple,2697049,Severe acute respiratory syndrome coronavirus 2,nimh-seq-15,,,,,,,no,,,,,NATIONAL INSTITUTE OF MENTAL HEALTH AND NEUROSCIENCES,SRA1147720,,public,00F46C596DADB256ECC4DCE619EE6BF1,9E09E6E2CC71B5038654D1CBC086746A
SRR12897645,2020/10/26 5:58,2020/10/26 5:55,77355,33012229,0,426,28,,https://sra-download.ncbi.nlm.nih.gov/traces/sra23/SRR/012595/SRR12897645,SRX9362717,nimh-seq-16,AMPLICON,PCR,OTHER,SINGLE,0,0,OXFORD_NANOPORE,MinION,SRP288253,PRJNA670824,,670824,SRS7585558,SAMN16551555,simple,2697049,Severe acute respiratory syndrome coronavirus 2,nimh-seq-16,,,,,,,no,,,,,NATIONAL INSTITUTE OF MENTAL HEALTH AND NEUROSCIENCES,SRA1147720,,public,063A0F74080B715A15AC23B30EC10229,3D9345AC18E691D25CC599A8D3CE6E2B
SRR12897644,2020/10/26 5:58,2020/10/26 5:55,212312,95415757,0,449,83,,https://sra-download.ncbi.nlm.nih.gov/traces/sra0/SRR/012595/SRR12897644,SRX9362718,nimh-seq-17,AMPLICON,PCR,OTHER,SINGLE,0,0,OXFORD_NANOPORE,MinION,SRP288253,PRJNA670824,,670824,SRS7585559,SAMN16551556,simple,2697049,Severe acute respiratory syndrome coronavirus 2,nimh-seq-17,,,,,,,no,,,,,NATIONAL INSTITUTE OF MENTAL HEALTH AND NEUROSCIENCES,SRA1147720,,public,488863BA5FC31B24A3EDDFB1E7BD8F47,EE6BAF97D991087681076553140D13F2
SRR12897643,2020/10/26 5:58,2020/10/26 5:55,18716,5256253,0,280,4,,https://sra-download.ncbi.nlm.nih.gov/traces/sra45/SRR/012595/SRR12897643,SRX9362719,nimh-seq-18,AMPLICON,PCR,OTHER,SINGLE,0,0,OXFORD_NANOPORE,MinION,SRP288253,PRJNA670824,,670824,SRS7585560,SAMN16551557,simple,2697049,Severe acute respiratory syndrome coronavirus 2,nimh-seq-18,,,,,,,no,,,,,NATIONAL INSTITUTE OF MENTAL HEALTH AND NEUROSCIENCES,SRA1147720,,public,B42CF902ADE110D5BD20FED3C68DA352,AD811F6462C21777D68296AC5A749B33
SRR12897642,2020/10/26 5:58,2020/10/26 5:55,211382,82770234,0,391,72,,https://sra-download.ncbi.nlm.nih.gov/traces/sra50/SRR/012595/SRR12897642,SRX9362720,nimh-seq-19,AMPLICON,PCR,OTHER,SINGLE,0,0,OXFORD_NANOPORE,MinION,SRP288253,PRJNA670824,,670824,SRS7585561,SAMN16551558,simple,2697049,Severe acute respiratory syndrome coronavirus 2,nimh-seq-19,,,,,,,no,,,,,NATIONAL INSTITUTE OF MENTAL HEALTH AND NEUROSCIENCES,SRA1147720,,public,EF3B9F55AD92255EEF833B607DCAF7E0,6458EA9C7D1461F78FB5142CF30253D6
SRR12897641,2020/10/26 5:58,2020/10/26 5:55,15925,2405047,0,151,2,,https://sra-download.ncbi.nlm.nih.gov/traces/sra22/SRR/012595/SRR12897641,SRX9362721,nimh-seq-20,AMPLICON,PCR,OTHER,SINGLE,0,0,OXFORD_NANOPORE,MinION,SRP288253,PRJNA670824,,670824,SRS7585562,SAMN16551559,simple,2697049,Severe acute respiratory syndrome coronavirus 2,nimh-seq-20,,,,,,,no,,,,,NATIONAL INSTITUTE OF MENTAL HEALTH AND NEUROSCIENCES,SRA1147720,,public,989C7E13165E279CF26B9AA2BE71F848,406F3B7603C60F3D1858D14499A92051
SRR12897640,2020/10/26 5:45,2020/10/26 5:42,97056,33857552,0,348,30,,https://sra-download.ncbi.nlm.nih.gov/traces/sra1/SRR/012595/SRR12897640,SRX9362702,nimh-seq-21,AMPLICON,PCR,OTHER,SINGLE,0,0,OXFORD_NANOPORE,MinION,SRP288253,PRJNA670824,,670824,SRS7585543,SAMN16551538,simple,2697049,Severe acute respiratory syndrome coronavirus 2,nimh-seq-21,,,,,,,no,,,,,NATIONAL INSTITUTE OF MENTAL HEALTH AND NEUROSCIENCES,SRA1147719,,public,9FB7D90B9DC8E6C94F683B375580094F,425F2853A52188C2E8E5D677EC472CAF
SRR12897639,2020/10/26 5:45,2020/10/26 5:42,115578,40023564,0,346,35,,https://sra-download.ncbi.nlm.nih.gov/traces/sra20/SRR/012595/SRR12897639,SRX9362703,nimh-seq-22,AMPLICON,PCR,OTHER,SINGLE,0,0,OXFORD_NANOPORE,MinION,SRP288253,PRJNA670824,,670824,SRS7585544,SAMN16551539,simple,2697049,Severe acute respiratory syndrome coronavirus 2,nimh-seq-22,,,,,,,no,,,,,NATIONAL INSTITUTE OF MENTAL HEALTH AND NEUROSCIENCES,SRA1147719,,public,B46242AB34B593EA04DC9D3DAAABE8CD,EA47871094C0946A3A83D0E945AD9F56
SRR12897638,2020/10/26 5:45,2020/10/26 5:42,306935,45331072,0,147,40,,https://sra-download.ncbi.nlm.nih.gov/traces/sra74/SRR/012595/SRR12897638,SRX9362704,nimh-seq-23,AMPLICON,PCR,OTHER,SINGLE,0,0,OXFORD_NANOPORE,MinION,SRP288253,PRJNA670824,,670824,SRS7585545,SAMN16551540,simple,2697049,Severe acute respiratory syndrome coronavirus 2,nimh-seq-23,,,,,,,no,,,,,NATIONAL INSTITUTE OF MENTAL HEALTH AND NEUROSCIENCES,SRA1147719,,public,065716C6F2872EEC15115C82BB9A25F2,68A7DF885C264BCB1BAD613E2609025E
SRR12897637,2020/10/26 5:43,2020/10/26 5:42,45237,11844511,0,261,10,,https://sra-download.ncbi.nlm.nih.gov/traces/sra60/SRR/012595/SRR12897637,SRX9362705,nimh-seq-24,AMPLICON,PCR,OTHER,SINGLE,0,0,OXFORD_NANOPORE,MinION,SRP288253,PRJNA670824,,670824,SRS7585546,SAMN16551541,simple,2697049,Severe acute respiratory syndrome coronavirus 2,nimh-seq-24,,,,,,,no,,,,,NATIONAL INSTITUTE OF MENTAL HEALTH AND NEUROSCIENCES,SRA1147719,,public,DBABED130D70F3593FDD3203E7A3D110,F05F83FC948D118E45045E37F20E12F2
SRR12897636,2020/10/26 5:45,2020/10/26 5:42,129674,13530108,0,104,12,,https://sra-download.ncbi.nlm.nih.gov/traces/sra50/SRR/012595/SRR12897636,SRX9362706,nimh-seq-25,AMPLICON,PCR,OTHER,SINGLE,0,0,OXFORD_NANOPORE,MinION,SRP288253,PRJNA670824,,670824,SRS7585547,SAMN16551542,simple,2697049,Severe acute respiratory syndrome coronavirus 2,nimh-seq-25,,,,,,,no,,,,,NATIONAL INSTITUTE OF MENTAL HEALTH AND NEUROSCIENCES,SRA1147719,,public,4B9D4E6B806591EF3CE61172BB56FCFE,12E642B067533F55540719C0853C5360
SRR12897635,2020/10/26 5:45,2020/10/26 5:42,173826,64838663,0,373,57,,https://sra-download.ncbi.nlm.nih.gov/traces/sra35/SRR/012595/SRR12897635,SRX9362707,nimh-seq-26,AMPLICON,PCR,OTHER,SINGLE,0,0,OXFORD_NANOPORE,MinION,SRP288253,PRJNA670824,,670824,SRS7585548,SAMN16551543,simple,2697049,Severe acute respiratory syndrome coronavirus 2,nimh-seq-26,,,,,,,no,,,,,NATIONAL INSTITUTE OF MENTAL HEALTH AND NEUROSCIENCES,SRA1147719,,public,803D80F56744D6A14017C76A7753370B,812833B2C3D7C082631100A2408FFB02
SRR12897634,2020/10/26 5:45,2020/10/26 5:42,258885,96884939,0,374,85,,https://sra-download.ncbi.nlm.nih.gov/traces/sra47/SRR/012595/SRR12897634,SRX9362708,nimh-seq-27,AMPLICON,PCR,OTHER,SINGLE,0,0,OXFORD_NANOPORE,MinION,SRP288253,PRJNA670824,,670824,SRS7585549,SAMN16551544,simple,2697049,Severe acute respiratory syndrome coronavirus 2,nimh-seq-27,,,,,,,no,,,,,NATIONAL INSTITUTE OF MENTAL HEALTH AND NEUROSCIENCES,SRA1147719,,public,20699D0E44FB60A9D9A03DD8090B133F,C2E1814BF4A286C1F83F9D565960F94E
SRR12897633,2020/10/26 5:45,2020/10/26 5:42,162412,58075598,0,357,51,,https://sra-download.ncbi.nlm.nih.gov/traces/sra38/SRR/012595/SRR12897633,SRX9362709,nimh-seq-28,AMPLICON,PCR,OTHER,SINGLE,0,0,OXFORD_NANOPORE,MinION,SRP288253,PRJNA670824,,670824,SRS7585550,SAMN16551545,simple,2697049,Severe acute respiratory syndrome coronavirus 2,nimh-seq-28,,,,,,,no,,,,,NATIONAL INSTITUTE OF MENTAL HEALTH AND NEUROSCIENCES,SRA1147719,,public,1A62EB00027BBAFD69ACE66ED9AA5DE3,A6C75C42DCBA2443D59B2FB165EEAFE2
SRR12897632,2020/10/26 5:45,2020/10/26 5:42,202092,62842196,0,310,55,,https://sra-download.ncbi.nlm.nih.gov/traces/sra69/SRR/012595/SRR12897632,SRX9362710,nimh-seq-29,AMPLICON,PCR,OTHER,SINGLE,0,0,OXFORD_NANOPORE,MinION,SRP288253,PRJNA670824,,670824,SRS7585551,SAMN16551546,simple,2697049,Severe acute respiratory syndrome coronavirus 2,nimh-seq-29,,,,,,,no,,,,,NATIONAL INSTITUTE OF MENTAL HEALTH AND NEUROSCIENCES,SRA1147719,,public,9CDB03A98CA3538152D3B08092723BC9,A8B740B67EEFA41CB6757B4CB4748368
SRR12897631,2020/10/26 5:45,2020/10/26 5:42,208867,77365634,0,370,68,,https://sra-download.ncbi.nlm.nih.gov/traces/sra1/SRR/012595/SRR12897631,SRX9362711,nimh-seq-30,AMPLICON,PCR,OTHER,SINGLE,0,0,OXFORD_NANOPORE,MinION,SRP288253,PRJNA670824,,670824,SRS7585552,SAMN16551547,simple,2697049,Severe acute respiratory syndrome coronavirus 2,nimh-seq-30,,,,,,,no,,,,,NATIONAL INSTITUTE OF MENTAL HEALTH AND NEUROSCIENCES,SRA1147719,,public,4A3486E7E59F325AD77FCA3CF37C00A2,EA0FAD0F57C752069A5632F23F528EF8
SRR12897524,2020/10/26 5:11,2020/10/26 5:09,660729,217646010,0,329,190,,https://sra-download.ncbi.nlm.nih.gov/traces/sra51/SRR/012595/SRR12897524,SRX9362586,nimh-seq-31,AMPLICON,PCR,OTHER,SINGLE,0,0,OXFORD_NANOPORE,MinION,SRP288253,PRJNA670824,,670824,SRS7585427,SAMN16551304,simple,2697049,Severe acute respiratory syndrome coronavirus 2,nimh-seq-31,,,,,,,no,,,,,NATIONAL INSTITUTE OF MENTAL HEALTH AND NEUROSCIENCES,SRA1147716,,public,9A4A40B667A64C300AF5365290A4B5B5,64924DE0F721D4EF867A4234D30DDB52
SRR12897523,2020/10/26 5:11,2020/10/26 5:08,415202,126509254,0,304,111,,https://sra-download.ncbi.nlm.nih.gov/traces/sra48/SRR/012595/SRR12897523,SRX9362587,nimh-seq-32,AMPLICON,PCR,OTHER,SINGLE,0,0,OXFORD_NANOPORE,MinION,SRP288253,PRJNA670824,,670824,SRS7585428,SAMN16551305,simple,2697049,Severe acute respiratory syndrome coronavirus 2,nimh-seq-32,,,,,,,no,,,,,NATIONAL INSTITUTE OF MENTAL HEALTH AND NEUROSCIENCES,SRA1147716,,public,CFC2C2C8BA2FCEFCB4DA048E0C69B16B,2B2B7D426BA1184786B7774DB45DC0D4
SRR12897522,2020/10/26 5:11,2020/10/26 5:09,873584,164072967,0,187,144,,https://sra-download.ncbi.nlm.nih.gov/traces/sra78/SRR/012595/SRR12897522,SRX9362588,nimh-seq-33,AMPLICON,PCR,OTHER,SINGLE,0,0,OXFORD_NANOPORE,MinION,SRP288253,PRJNA670824,,670824,SRS7585429,SAMN16551306,simple,2697049,Severe acute respiratory syndrome coronavirus 2,nimh-seq-33,,,,,,,no,,,,,NATIONAL INSTITUTE OF MENTAL HEALTH AND NEUROSCIENCES,SRA1147716,,public,C476BEF00FD086C34E5BDB258B5156B6,67BCACE92C08BEE2AC7F7ED87BDE2BCD
SRR12897521,2020/10/26 5:11,2020/10/26 5:09,447317,200864667,0,449,174,,https://sra-download.ncbi.nlm.nih.gov/traces/sra36/SRR/012595/SRR12897521,SRX9362589,nimh-seq-34,AMPLICON,PCR,OTHER,SINGLE,0,0,OXFORD_NANOPORE,MinION,SRP288253,PRJNA670824,,670824,SRS7585430,SAMN16551307,simple,2697049,Severe acute respiratory syndrome coronavirus 2,nimh-seq-34,,,,,,,no,,,,,NATIONAL INSTITUTE OF MENTAL HEALTH AND NEUROSCIENCES,SRA1147716,,public,744F4647CCAF4C2055F5908A07488C9E,010F04A6E45F3BE0F2147C0F7ED2B5A9
SRR12897520,2020/10/26 5:11,2020/10/26 5:09,540294,165739883,0,306,145,,https://sra-download.ncbi.nlm.nih.gov/traces/sra20/SRR/012595/SRR12897520,SRX9362590,nimh-seq-35,AMPLICON,PCR,OTHER,SINGLE,0,0,OXFORD_NANOPORE,MinION,SRP288253,PRJNA670824,,670824,SRS7585431,SAMN16551308,simple,2697049,Severe acute respiratory syndrome coronavirus 2,nimh-seq-35,,,,,,,no,,,,,NATIONAL INSTITUTE OF MENTAL HEALTH AND NEUROSCIENCES,SRA1147716,,public,9FB7090DF584074DC606FCB6369A1F11,E7B45BEF79969E16A8C44653195DC033
SRR12897519,2020/10/26 5:11,2020/10/26 5:08,92983,35022638,0,376,31,,https://sra-download.ncbi.nlm.nih.gov/traces/sra68/SRR/012595/SRR12897519,SRX9362591,nimh-seq-36,AMPLICON,PCR,OTHER,SINGLE,0,0,OXFORD_NANOPORE,MinION,SRP288253,PRJNA670824,,670824,SRS7585432,SAMN16551309,simple,2697049,Severe acute respiratory syndrome coronavirus 2,nimh-seq-36,,,,,,,no,,,,,NATIONAL INSTITUTE OF MENTAL HEALTH AND NEUROSCIENCES,SRA1147716,,public,80A12C30E80589188C0FBD5DEDBEFD53,ECA8096AB3C72CC8ACEF0BFB4DA595DC
SRR12897518,2020/10/26 5:11,2020/10/26 5:08,165210,73830125,0,446,65,,https://sra-download.ncbi.nlm.nih.gov/traces/sra48/SRR/012595/SRR12897518,SRX9362592,nimh-seq-37,AMPLICON,PCR,OTHER,SINGLE,0,0,OXFORD_NANOPORE,MinION,SRP288253,PRJNA670824,,670824,SRS7585433,SAMN16551310,simple,2697049,Severe acute respiratory syndrome coronavirus 2,nimh-seq-37,,,,,,,no,,,,,NATIONAL INSTITUTE OF MENTAL HEALTH AND NEUROSCIENCES,SRA1147716,,public,F5352D85D19C30CB7CB801069018F402,EC47F619D7F3551FBFA1AA55901A5C45
SRR12897517,2020/10/26 5:11,2020/10/26 5:08,365547,122276467,0,334,107,,https://sra-download.ncbi.nlm.nih.gov/traces/sra6/SRR/012595/SRR12897517,SRX9362593,nimh-seq-38,AMPLICON,PCR,OTHER,SINGLE,0,0,OXFORD_NANOPORE,MinION,SRP288253,PRJNA670824,,670824,SRS7585434,SAMN16551311,simple,2697049,Severe acute respiratory syndrome coronavirus 2,nimh-seq-38,,,,,,,no,,,,,NATIONAL INSTITUTE OF MENTAL HEALTH AND NEUROSCIENCES,SRA1147716,,public,50FE16904FD217601D26C2A71785C9B2,866CE5C7C9D48046B18596B444D465D0
SRR12897516,2020/10/26 5:11,2020/10/26 5:08,105311,39331450,0,373,34,,https://sra-download.ncbi.nlm.nih.gov/traces/sra65/SRR/012595/SRR12897516,SRX9362594,nimh-seq-39,AMPLICON,PCR,OTHER,SINGLE,0,0,OXFORD_NANOPORE,MinION,SRP288253,PRJNA670824,,670824,SRS7585435,SAMN16551312,simple,2697049,Severe acute respiratory syndrome coronavirus 2,nimh-seq-39,,,,,,,no,,,,,NATIONAL INSTITUTE OF MENTAL HEALTH AND NEUROSCIENCES,SRA1147716,,public,50728C4958610874EFADDB078E695309,53A7FC9BDB628A3EA47DC4E2F184321C
SRR12897515,2020/10/26 5:11,2020/10/26 5:09,795106,352210070,0,442,306,,https://sra-download.ncbi.nlm.nih.gov/traces/sra53/SRR/012595/SRR12897515,SRX9362595,nimh-seq-40,AMPLICON,PCR,OTHER,SINGLE,0,0,OXFORD_NANOPORE,MinION,SRP288253,PRJNA670824,,670824,SRS7585436,SAMN16551313,simple,2697049,Severe acute respiratory syndrome coronavirus 2,nimh-seq-40,,,,,,,no,,,,,NATIONAL INSTITUTE OF MENTAL HEALTH AND NEUROSCIENCES,SRA1147716,,public,E56D71A8EE96C16C4180B5562550BA29,5ED03BDEE3122C97C1060F8E2B7CCA50
SRR12897459,2020/10/26 4:31,2020/10/26 4:28,1767,434840,0,246,0,,https://sra-download.ncbi.nlm.nih.gov/traces/sra20/SRR/012595/SRR12897459,SRX9362521,nimh-seq-41,AMPLICON,PCR,OTHER,SINGLE,0,0,OXFORD_NANOPORE,MinION,SRP288253,PRJNA670824,,670824,SRS7585375,SAMN16551290,simple,2697049,Severe acute respiratory syndrome coronavirus 2,nimh-seq-41,,,,,,,no,,,,,NATIONAL INSTITUTE OF MENTAL HEALTH AND NEUROSCIENCES,SRA1147713,,public,2A302CCD1233E21A6C02D1DF5A55F8CB,DE3716A707C6F3CB304451F4B3D6FFE7
SRR12897458,2020/10/26 4:31,2020/10/26 4:28,273873,108812573,0,397,95,,https://sra-download.ncbi.nlm.nih.gov/traces/sra58/SRR/012595/SRR12897458,SRX9362522,nimh-seq-42,AMPLICON,PCR,OTHER,SINGLE,0,0,OXFORD_NANOPORE,MinION,SRP288253,PRJNA670824,,670824,SRS7585376,SAMN16551291,simple,2697049,Severe acute respiratory syndrome coronavirus 2,nimh-seq-42,,,,,,,no,,,,,NATIONAL INSTITUTE OF MENTAL HEALTH AND NEUROSCIENCES,SRA1147713,,public,74A762D0000D5317494699C55F89F5D5,44A2D088D3D42F7C4C5EE37C6084A41B
SRR12897457,2020/10/26 4:31,2020/10/26 4:28,157323,58527441,0,372,51,,https://sra-download.ncbi.nlm.nih.gov/traces/sra65/SRR/012595/SRR12897457,SRX9362523,nimh-seq-43,AMPLICON,PCR,OTHER,SINGLE,0,0,OXFORD_NANOPORE,MinION,SRP288253,PRJNA670824,,670824,SRS7585377,SAMN16551292,simple,2697049,Severe acute respiratory syndrome coronavirus 2,nimh-seq-43,,,,,,,no,,,,,NATIONAL INSTITUTE OF MENTAL HEALTH AND NEUROSCIENCES,SRA1147713,,public,70D931DFF15A342F63A6F5FD86990D4A,D7A306E2F382540D70AF23BAB47A2373
SRR12897456,2020/10/26 4:31,2020/10/26 4:28,170084,76461916,0,449,66,,https://sra-download.ncbi.nlm.nih.gov/traces/sra8/SRR/012595/SRR12897456,SRX9362524,nimh-seq-44,AMPLICON,PCR,OTHER,SINGLE,0,0,OXFORD_NANOPORE,MinION,SRP288253,PRJNA670824,,670824,SRS7585378,SAMN16551293,simple,2697049,Severe acute respiratory syndrome coronavirus 2,nimh-seq-44,,,,,,,no,,,,,NATIONAL INSTITUTE OF MENTAL HEALTH AND NEUROSCIENCES,SRA1147713,,public,28C0FE68BE0D4F297A7B21BB51244AD1,103DD599F66094DB8F27412D6BC3D0F3
SRR12897455,2020/10/26 4:31,2020/10/26 4:28,96175,35954255,0,373,31,,https://sra-download.ncbi.nlm.nih.gov/traces/sra75/SRR/012595/SRR12897455,SRX9362525,nimh-seq-45,AMPLICON,PCR,OTHER,SINGLE,0,0,OXFORD_NANOPORE,MinION,SRP288253,PRJNA670824,,670824,SRS7585379,SAMN16551294,simple,2697049,Severe acute respiratory syndrome coronavirus 2,nimh-seq-45,,,,,,,no,,,,,NATIONAL INSTITUTE OF MENTAL HEALTH AND NEUROSCIENCES,SRA1147713,,public,DD49E8D6D0A4FA04B07E175897C134BB,977A1EFC51FCB46F5B64C90A011D0F3A
SRR12897454,2020/10/26 5:00,2020/10/26 4:29,464893,213398216,0,459,185,,https://sra-download.ncbi.nlm.nih.gov/traces/sra10/SRR/012595/SRR12897454,SRX9362526,nimh-seq-46,AMPLICON,PCR,OTHER,SINGLE,0,0,OXFORD_NANOPORE,MinION,SRP288253,PRJNA670824,,670824,SRS7585380,SAMN16551295,simple,2697049,Severe acute respiratory syndrome coronavirus 2,nimh-seq-46,,,,,,,no,,,,,NATIONAL INSTITUTE OF MENTAL HEALTH AND NEUROSCIENCES,SRA1147713,,public,04BD6328C3E97F21CA521D4943892615,5283C48D721676DA53E017BEE3F089C1
SRR12897453,2020/10/26 4:31,2020/10/26 4:29,491019,221274834,0,450,192,,https://sra-download.ncbi.nlm.nih.gov/traces/sra11/SRR/012595/SRR12897453,SRX9362527,nimh-seq-47,AMPLICON,PCR,OTHER,SINGLE,0,0,OXFORD_NANOPORE,MinION,SRP288253,PRJNA670824,,670824,SRS7585381,SAMN16551296,simple,2697049,Severe acute respiratory syndrome coronavirus 2,nimh-seq-47,,,,,,,no,,,,,NATIONAL INSTITUTE OF MENTAL HEALTH AND NEUROSCIENCES,SRA1147713,,public,BA39F0B8B661AC516F9513CFC8FCB897,2E635939D8A9446D7AB7D86DCBABF902
SRR12897452,2020/10/26 4:31,2020/10/26 4:28,80114,20591225,0,257,18,,https://sra-download.ncbi.nlm.nih.gov/traces/sra67/SRR/012595/SRR12897452,SRX9362528,nimh-seq-48,AMPLICON,PCR,OTHER,SINGLE,0,0,OXFORD_NANOPORE,MinION,SRP288253,PRJNA670824,,670824,SRS7585382,SAMN16551297,simple,2697049,Severe acute respiratory syndrome coronavirus 2,nimh-seq-48,,,,,,,no,,,,,NATIONAL INSTITUTE OF MENTAL HEALTH AND NEUROSCIENCES,SRA1147713,,public,2CCF5167D1743CFD01122663CA060A53,623CABC866589B78E17D2B50AAB7D150
SRR12897451,2020/10/26 4:31,2020/10/26 4:28,303585,93607072,0,308,82,,https://sra-download.ncbi.nlm.nih.gov/traces/sra58/SRR/012595/SRR12897451,SRX9362529,nimh-seq-49,AMPLICON,PCR,OTHER,SINGLE,0,0,OXFORD_NANOPORE,MinION,SRP288253,PRJNA670824,,670824,SRS7585383,SAMN16551298,simple,2697049,Severe acute respiratory syndrome coronavirus 2,nimh-seq-49,,,,,,,no,,,,,NATIONAL INSTITUTE OF MENTAL HEALTH AND NEUROSCIENCES,SRA1147713,,public,278F353ABF3A934C4D0ECAAA8142472F,90C26B168D0CA3CCBA0E5A82A2959AED
SRR12897450,2020/10/26 4:31,2020/10/26 4:29,459686,199991026,0,435,173,,https://sra-download.ncbi.nlm.nih.gov/traces/sra58/SRR/012595/SRR12897450,SRX9362530,nimh-seq-50,AMPLICON,PCR,OTHER,SINGLE,0,0,OXFORD_NANOPORE,MinION,SRP288253,PRJNA670824,,670824,SRS7585384,SAMN16551299,simple,2697049,Severe acute respiratory syndrome coronavirus 2,nimh-seq-50,,,,,,,no,,,,,NATIONAL INSTITUTE OF MENTAL HEALTH AND NEUROSCIENCES,SRA1147713,,public,00DC1639527A49AA83D9A5E62D474D1C,85B30CDB66C0AC04144BF3975909392A
SRR12897240,2020/10/26 3:39,2020/10/26 3:37,122781,57206943,0,465,49,,https://sra-download.ncbi.nlm.nih.gov/traces/sra70/SRR/012594/SRR12897240,SRX9362302,nimh-seq-51,AMPLICON,PCR,OTHER,SINGLE,0,0,OXFORD_NANOPORE,MinION,SRP288253,PRJNA670824,,670824,SRS7585194,SAMN16551114,simple,2697049,Severe acute respiratory syndrome coronavirus 2,nimh-seq-51,,,,,,,no,,,,,NATIONAL INSTITUTE OF MENTAL HEALTH AND NEUROSCIENCES,SRA1147709,,public,CD6E74C1127D5542643F9A25C5BB9292,FCB257D31B2D89B055211FF759CE5AF5
SRR12897239,2020/10/26 3:39,2020/10/26 3:38,385588,162011744,0,420,140,,https://sra-download.ncbi.nlm.nih.gov/traces/sra62/SRR/012594/SRR12897239,SRX9362303,nimh-seq-52,AMPLICON,PCR,OTHER,SINGLE,0,0,OXFORD_NANOPORE,MinION,SRP288253,PRJNA670824,,670824,SRS7585195,SAMN16551115,simple,2697049,Severe acute respiratory syndrome coronavirus 2,nimh-seq-52,,,,,,,no,,,,,NATIONAL INSTITUTE OF MENTAL HEALTH AND NEUROSCIENCES,SRA1147709,,public,EF41479C2D83D1BCCFF0C16A9A204969,0316C59B0DC14D10B3CB08459BA28C21
SRR12897238,2020/10/26 3:39,2020/10/26 3:37,314925,140784199,0,447,122,,https://sra-download.ncbi.nlm.nih.gov/traces/sra66/SRR/012594/SRR12897238,SRX9362304,nimh-seq-53,AMPLICON,PCR,OTHER,SINGLE,0,0,OXFORD_NANOPORE,MinION,SRP288253,PRJNA670824,,670824,SRS7585196,SAMN16551116,simple,2697049,Severe acute respiratory syndrome coronavirus 2,nimh-seq-53,,,,,,,no,,,,,NATIONAL INSTITUTE OF MENTAL HEALTH AND NEUROSCIENCES,SRA1147709,,public,E4FBD9361816595E4B932D5BED7E97B9,36D82D8DEB19D5C7C681C89E89E993C5
SRR12897237,2020/10/26 3:39,2020/10/26 3:37,253557,109859621,0,433,95,,https://sra-download.ncbi.nlm.nih.gov/traces/sra77/SRR/012594/SRR12897237,SRX9362305,nimh-seq-54,AMPLICON,PCR,OTHER,SINGLE,0,0,OXFORD_NANOPORE,MinION,SRP288253,PRJNA670824,,670824,SRS7585197,SAMN16551117,simple,2697049,Severe acute respiratory syndrome coronavirus 2,nimh-seq-54,,,,,,,no,,,,,NATIONAL INSTITUTE OF MENTAL HEALTH AND NEUROSCIENCES,SRA1147709,,public,69D4A8A21F070A31F2610E2682C84FD6,B50B1E47C5AE63C93B31E1899D76C8E3
SRR12998806,2020/11/6 8:16,2020/11/12 21:19,644432,266099889,0,412,260,,https://sra-download.ncbi.nlm.nih.gov/traces/sra56/SRR/012694/SRR12998806,SRX9450227,nimh-seq-55,AMPLICON,PCR,OTHER,SINGLE,0,0,OXFORD_NANOPORE,MinION,SRP288253,PRJNA670824,,670824,SRS7585198,SAMN16551118,simple,2697049,Severe acute respiratory syndrome coronavirus 2,nimh-seq-55,,,,,,,no,,,,,NATIONAL INSTITUTE OF MENTAL HEALTH AND NEUROSCIENCES,SRA1155090,,public,1279E87AFC99866635444EFDE3FAED26,04F6B9CB6FF8C455C55375AB08277A0A
SRR12897235,2020/10/26 3:39,2020/10/26 3:37,222194,38240299,0,172,33,,https://sra-download.ncbi.nlm.nih.gov/traces/sra52/SRR/012594/SRR12897235,SRX9362307,nimh-seq-56,AMPLICON,PCR,OTHER,SINGLE,0,0,OXFORD_NANOPORE,MinION,SRP288253,PRJNA670824,,670824,SRS7585199,SAMN16551119,simple,2697049,Severe acute respiratory syndrome coronavirus 2,nimh-seq-56,,,,,,,no,,,,,NATIONAL INSTITUTE OF MENTAL HEALTH AND NEUROSCIENCES,SRA1147709,,public,394152EDA222573124BFD9AFAFA50E80,6C86414177AE7B97464E261B4116CA47
SRR12897234,2020/10/26 3:41,2020/10/26 3:38,898930,320988910,0,357,281,,https://sra-download.ncbi.nlm.nih.gov/traces/sra52/SRR/012594/SRR12897234,SRX9362308,nimh-seq-57,AMPLICON,PCR,OTHER,SINGLE,0,0,OXFORD_NANOPORE,MinION,SRP288253,PRJNA670824,,670824,SRS7585200,SAMN16551120,simple,2697049,Severe acute respiratory syndrome coronavirus 2,nimh-seq-57,,,,,,,no,,,,,NATIONAL INSTITUTE OF MENTAL HEALTH AND NEUROSCIENCES,SRA1147709,,public,85A7EFD03A8CB1C6076A06B1E9E0EB73,641312E352F4B6B3A9766F59AA82B497
SRR12897233,2020/10/26 3:39,2020/10/26 3:37,69648,25231507,0,362,22,,https://sra-download.ncbi.nlm.nih.gov/traces/sra31/SRR/012594/SRR12897233,SRX9362309,nimh-seq-58,AMPLICON,PCR,OTHER,SINGLE,0,0,OXFORD_NANOPORE,MinION,SRP288253,PRJNA670824,,670824,SRS7585201,SAMN16551121,simple,2697049,Severe acute respiratory syndrome coronavirus 2,nimh-seq-58,,,,,,,no,,,,,NATIONAL INSTITUTE OF MENTAL HEALTH AND NEUROSCIENCES,SRA1147709,,public,3E27A78D1A33A4A18E61CD48287EDBE5,6B2EF5582C021472C2F39B499A7AD208
SRR12897232,2020/10/26 3:39,2020/10/26 3:37,251654,115335683,0,458,100,,https://sra-download.ncbi.nlm.nih.gov/traces/sra13/SRR/012594/SRR12897232,SRX9362310,nimh-seq-59,AMPLICON,PCR,OTHER,SINGLE,0,0,OXFORD_NANOPORE,MinION,SRP288253,PRJNA670824,,670824,SRS7585202,SAMN16551122,simple,2697049,Severe acute respiratory syndrome coronavirus 2,nimh-seq-59,,,,,,,no,,,,,NATIONAL INSTITUTE OF MENTAL HEALTH AND NEUROSCIENCES,SRA1147709,,public,31C493346172A1C5614132FA8FCF5A98,F1FD3365E4F3FDCEB706E5A811BF1F40
SRR12897231,2020/10/26 3:41,2020/10/26 3:38,508836,181198371,0,356,159,,https://sra-download.ncbi.nlm.nih.gov/traces/sra38/SRR/012594/SRR12897231,SRX9362311,nimh-seq-60,AMPLICON,PCR,OTHER,SINGLE,0,0,OXFORD_NANOPORE,MinION,SRP288253,PRJNA670824,,670824,SRS7585203,SAMN16551123,simple,2697049,Severe acute respiratory syndrome coronavirus 2,nimh-seq-60,,,,,,,no,,,,,NATIONAL INSTITUTE OF MENTAL HEALTH AND NEUROSCIENCES,SRA1147709,,public,78D3A7CD200F9CD344C9C443B207F5FD,76433601F2993272E9570B7C4FD8078E
SRR12897230,2020/10/26 3:41,2020/10/26 2:57,150816,53937415,0,357,47,,https://sra-download.ncbi.nlm.nih.gov/traces/sra26/SRR/012594/SRR12897230,SRX9362292,nimh-seq-61,AMPLICON,PCR,OTHER,SINGLE,0,0,OXFORD_NANOPORE,MinION,SRP288253,PRJNA670824,,670824,SRS7585184,SAMN16550985,simple,2697049,Severe acute respiratory syndrome coronavirus 2,nimh-seq-61,,,,,,,no,,,,,NATIONAL INSTITUTE OF MENTAL HEALTH AND NEUROSCIENCES,SRA1147706,,public,77707AF67EF0629C929734AA3EC49BEE,99554B01A7B2A4BB98CA5735F714994F
SRR12897229,2020/10/26 3:39,2020/10/26 2:58,468069,149910731,0,320,131,,https://sra-download.ncbi.nlm.nih.gov/traces/sra62/SRR/012594/SRR12897229,SRX9362293,nimh-seq-62,AMPLICON,PCR,OTHER,SINGLE,0,0,OXFORD_NANOPORE,MinION,SRP288253,PRJNA670824,,670824,SRS7585185,SAMN16550986,simple,2697049,Severe acute respiratory syndrome coronavirus 2,nimh-seq-62,,,,,,,no,,,,,NATIONAL INSTITUTE OF MENTAL HEALTH AND NEUROSCIENCES,SRA1147706,,public,2EDAB6D8C4A96CC8439710D2BDD8B851,E602D43302B5CDED6C4A97CC97379B66
SRR12897228,2020/10/26 3:37,2020/10/26 2:57,13865,3268787,0,235,2,,https://sra-download.ncbi.nlm.nih.gov/traces/sra56/SRR/012594/SRR12897228,SRX9362294,nimh-seq-63,AMPLICON,PCR,OTHER,SINGLE,0,0,OXFORD_NANOPORE,MinION,SRP288253,PRJNA670824,,670824,SRS7585186,SAMN16550987,simple,2697049,Severe acute respiratory syndrome coronavirus 2,nimh-seq-63,,,,,,,no,,,,,NATIONAL INSTITUTE OF MENTAL HEALTH AND NEUROSCIENCES,SRA1147706,,public,5D7C03E731769B75DA800CAA371331E6,24D55234B1D10759BD7957CDC0217073
SRR12897227,2020/10/26 3:38,2020/10/26 2:57,137360,57167647,0,416,49,,https://sra-download.ncbi.nlm.nih.gov/traces/sra36/SRR/012594/SRR12897227,SRX9362295,nimh-seq-64,AMPLICON,PCR,OTHER,SINGLE,0,0,OXFORD_NANOPORE,MinION,SRP288253,PRJNA670824,,670824,SRS7585187,SAMN16550988,simple,2697049,Severe acute respiratory syndrome coronavirus 2,nimh-seq-64,,,,,,,no,,,,,NATIONAL INSTITUTE OF MENTAL HEALTH AND NEUROSCIENCES,SRA1147706,,public,52383DC0246F8A2EAAFAA74CB3E4F2D5,89EF357C59DE6E7B578379958FD35841
SRR12897226,2020/10/26 3:38,2020/10/26 2:58,497992,226190993,0,454,196,,https://sra-download.ncbi.nlm.nih.gov/traces/sra35/SRR/012594/SRR12897226,SRX9362296,nimh-seq-65,AMPLICON,PCR,OTHER,SINGLE,0,0,OXFORD_NANOPORE,MinION,SRP288253,PRJNA670824,,670824,SRS7585188,SAMN16550989,simple,2697049,Severe acute respiratory syndrome coronavirus 2,nimh-seq-65,,,,,,,no,,,,,NATIONAL INSTITUTE OF MENTAL HEALTH AND NEUROSCIENCES,SRA1147706,,public,92ACD4430D05BBA3604873652A16CE02,BB271E346B6985918C7019C939AE8596
SRR12897225,2020/10/26 3:39,2020/10/26 2:57,106031,37980125,0,358,33,,https://sra-download.ncbi.nlm.nih.gov/traces/sra5/SRR/012594/SRR12897225,SRX9362297,nimh-seq-66,AMPLICON,PCR,OTHER,SINGLE,0,0,OXFORD_NANOPORE,MinION,SRP288253,PRJNA670824,,670824,SRS7585189,SAMN16550990,simple,2697049,Severe acute respiratory syndrome coronavirus 2,nimh-seq-66,,,,,,,no,,,,,NATIONAL INSTITUTE OF MENTAL HEALTH AND NEUROSCIENCES,SRA1147706,,public,3976E7F545794E50472DF14385AD157E,369E8F9AFA2999A8662CDA5ADF317BD5
SRR12897224,2020/10/26 3:38,2020/10/26 2:57,136753,48984930,0,358,43,,https://sra-download.ncbi.nlm.nih.gov/traces/sra75/SRR/012594/SRR12897224,SRX9362298,nimh-seq-67,AMPLICON,PCR,OTHER,SINGLE,0,0,OXFORD_NANOPORE,MinION,SRP288253,PRJNA670824,,670824,SRS7585190,SAMN16550991,simple,2697049,Severe acute respiratory syndrome coronavirus 2,nimh-seq-67,,,,,,,no,,,,,NATIONAL INSTITUTE OF MENTAL HEALTH AND NEUROSCIENCES,SRA1147706,,public,D47A50CE02B2FE35F0C028626689D35C,C35F17E593659E25B6162FA7BDE11B31
SRR12897223,2020/10/26 3:37,2020/10/26 2:57,136386,49651407,0,364,43,,https://sra-download.ncbi.nlm.nih.gov/traces/sra36/SRR/012594/SRR12897223,SRX9362299,nimh-seq-68,AMPLICON,PCR,OTHER,SINGLE,0,0,OXFORD_NANOPORE,MinION,SRP288253,PRJNA670824,,670824,SRS7585191,SAMN16550992,simple,2697049,Severe acute respiratory syndrome coronavirus 2,nimh-seq-68,,,,,,,no,,,,,NATIONAL INSTITUTE OF MENTAL HEALTH AND NEUROSCIENCES,SRA1147706,,public,66CD7E48DA28A99D9B8BA44E8283236F,FA9C6A14B2C9B1146849BB45B986F2E4
SRR12897222,2020/10/26 3:38,2020/10/26 2:57,93195,34321735,0,368,30,,https://sra-download.ncbi.nlm.nih.gov/traces/sra13/SRR/012594/SRR12897222,SRX9362300,nimh-seq-69,AMPLICON,PCR,OTHER,SINGLE,0,0,OXFORD_NANOPORE,MinION,SRP288253,PRJNA670824,,670824,SRS7585192,SAMN16550993,simple,2697049,Severe acute respiratory syndrome coronavirus 2,nimh-seq-69,,,,,,,no,,,,,NATIONAL INSTITUTE OF MENTAL HEALTH AND NEUROSCIENCES,SRA1147706,,public,6AC7AE798A13B922DCBC3EFC7D1C95BE,CD583A0480180700D5D998F034F129F0
SRR12897221,2020/10/26 3:39,2020/10/26 2:58,402452,153908713,0,382,135,,https://sra-download.ncbi.nlm.nih.gov/traces/sra65/SRR/012594/SRR12897221,SRX9362301,nimh-seq-70,AMPLICON,PCR,OTHER,SINGLE,0,0,OXFORD_NANOPORE,MinION,SRP288253,PRJNA670824,,670824,SRS7585193,SAMN16550994,simple,2697049,Severe acute respiratory syndrome coronavirus 2,nimh-seq-70,,,,,,,no,,,,,NATIONAL INSTITUTE OF MENTAL HEALTH AND NEUROSCIENCES,SRA1147706,,public,5CE8294787EDEFAD5B5D243E687F5D83,50CA758E9C25CDD3A1CD0DCC270CD80C
SRR12998805,2020/11/6 8:16,2020/11/12 21:18,82427,30593325,0,371,30,,https://sra-download.ncbi.nlm.nih.gov/traces/sra76/SRR/012694/SRR12998805,SRX9450228,nimh-seq-71,AMPLICON,PCR,OTHER,SINGLE,0,0,OXFORD_NANOPORE,MinION,SRP288253,PRJNA670824,,670824,SRS7585173,SAMN16550975,simple,2697049,Severe acute respiratory syndrome coronavirus 2,nimh-seq-71,,,,,,,no,,,,,NATIONAL INSTITUTE OF MENTAL HEALTH AND NEUROSCIENCES,SRA1155090,,public,FA7C0DFF792ADB2DAD95BA176360F31A,0D6424154C817178355BFA27F7E89964
SRR12897213,2020/10/26 3:33,2020/10/26 2:39,668648,224251611,0,335,196,,https://sra-download.ncbi.nlm.nih.gov/traces/sra34/SRR/012594/SRR12897213,SRX9362277,nimh-seq-72,AMPLICON,PCR,OTHER,SINGLE,0,0,OXFORD_NANOPORE,MinION,SRP288253,PRJNA670824,,670824,SRS7585175,SAMN16550976,simple,2697049,Severe acute respiratory syndrome coronavirus 2,nimh-seq-72,,,,,,,no,,,,,NATIONAL INSTITUTE OF MENTAL HEALTH AND NEUROSCIENCES,SRA1147704,,public,B4104E7E38700411CED07486717C80EA,786423E6C7CAFD80B1B8437766C2216E
SRR12897212,2020/10/26 3:33,2020/10/26 2:38,243840,71401520,0,292,62,,https://sra-download.ncbi.nlm.nih.gov/traces/sra38/SRR/012594/SRR12897212,SRX9362278,nimh-seq-73,AMPLICON,PCR,OTHER,SINGLE,0,0,OXFORD_NANOPORE,MinION,SRP288253,PRJNA670824,,670824,SRS7585174,SAMN16550977,simple,2697049,Severe acute respiratory syndrome coronavirus 2,nimh-seq-73,,,,,,,no,,,,,NATIONAL INSTITUTE OF MENTAL HEALTH AND NEUROSCIENCES,SRA1147704,,public,6C6BF61D0BE0FBC700A0FCE48D1BC57F,DA9C0BBA3997B330A6A8D5829C84926A
SRR12897211,2020/10/26 3:33,2020/10/26 2:38,139967,31581122,0,225,27,,https://sra-download.ncbi.nlm.nih.gov/traces/sra20/SRR/012594/SRR12897211,SRX9362279,nimh-seq-74,AMPLICON,PCR,OTHER,SINGLE,0,0,OXFORD_NANOPORE,MinION,SRP288253,PRJNA670824,,670824,SRS7585176,SAMN16550978,simple,2697049,Severe acute respiratory syndrome coronavirus 2,nimh-seq-74,,,,,,,no,,,,,NATIONAL INSTITUTE OF MENTAL HEALTH AND NEUROSCIENCES,SRA1147704,,public,1070961FA538A12D1786C365A75D85AC,97D4AE6A8845247A988D617867961EB3
SRR12998804,2020/11/6 8:16,2020/11/12 21:17,333367,144138950,0,432,141,,https://sra-download.ncbi.nlm.nih.gov/traces/sra67/SRR/012694/SRR12998804,SRX9450229,nimh-seq-75,AMPLICON,PCR,OTHER,SINGLE,0,0,OXFORD_NANOPORE,MinION,SRP288253,PRJNA670824,,670824,SRS7585177,SAMN16550979,simple,2697049,Severe acute respiratory syndrome coronavirus 2,nimh-seq-75,,,,,,,no,,,,,NATIONAL INSTITUTE OF MENTAL HEALTH AND NEUROSCIENCES,SRA1155090,,public,93D4B4C0D0BFFC22974097A5064667E4,DC484AC4C6E1397C5B73043A52F4BADB
SRR12897209,2020/10/26 3:33,2020/10/26 2:38,140067,54059121,0,385,47,,https://sra-download.ncbi.nlm.nih.gov/traces/sra20/SRR/012594/SRR12897209,SRX9362281,nimh-seq-76,AMPLICON,PCR,OTHER,SINGLE,0,0,OXFORD_NANOPORE,MinION,SRP288253,PRJNA670824,,670824,SRS7585178,SAMN16550980,simple,2697049,Severe acute respiratory syndrome coronavirus 2,nimh-seq-76,,,,,,,no,,,,,NATIONAL INSTITUTE OF MENTAL HEALTH AND NEUROSCIENCES,SRA1147704,,public,6D543AF1DECD188FD61C4449A2017E5F,D50A4E011391992094407E86CE07A2F4
SRR12897208,2020/10/26 3:35,2020/10/26 2:38,134782,49043776,0,363,43,,https://sra-download.ncbi.nlm.nih.gov/traces/sra60/SRR/012594/SRR12897208,SRX9362282,nimh-seq-77,AMPLICON,PCR,OTHER,SINGLE,0,0,OXFORD_NANOPORE,MinION,SRP288253,PRJNA670824,,670824,SRS7585179,SAMN16550981,simple,2697049,Severe acute respiratory syndrome coronavirus 2,nimh-seq-77,,,,,,,no,,,,,NATIONAL INSTITUTE OF MENTAL HEALTH AND NEUROSCIENCES,SRA1147704,,public,DBEE621A55458669D54CE9A68FE6A9ED,C58191132A1C5739B71DDA09024BB28A
SRR12897207,2020/10/26 3:35,2020/10/26 2:38,102325,33586232,0,328,29,,https://sra-download.ncbi.nlm.nih.gov/traces/sra45/SRR/012594/SRR12897207,SRX9362283,nimh-seq-78,AMPLICON,PCR,OTHER,SINGLE,0,0,OXFORD_NANOPORE,MinION,SRP288253,PRJNA670824,,670824,SRS7585180,SAMN16550982,simple,2697049,Severe acute respiratory syndrome coronavirus 2,nimh-seq-78,,,,,,,no,,,,,NATIONAL INSTITUTE OF MENTAL HEALTH AND NEUROSCIENCES,SRA1147704,,public,E26F441FCB806C4ADE94C8D5CE0590C8,971038A0F6DBA30CAA722B68AC1213FE
SRR12897206,2020/10/26 3:35,2020/10/26 2:38,193608,87380644,0,451,77,,https://sra-download.ncbi.nlm.nih.gov/traces/sra3/SRR/012594/SRR12897206,SRX9362284,nimh-seq-79,AMPLICON,PCR,OTHER,SINGLE,0,0,OXFORD_NANOPORE,MinION,SRP288253,PRJNA670824,,670824,SRS7585181,SAMN16550983,simple,2697049,Severe acute respiratory syndrome coronavirus 2,nimh-seq-79,,,,,,,no,,,,,NATIONAL INSTITUTE OF MENTAL HEALTH AND NEUROSCIENCES,SRA1147704,,public,DFAC471858D059780298E6D280E74F78,FC44F168D0C56F8D6DFB44705181109F
SRR12897205,2020/10/26 3:35,2020/10/26 2:39,837890,271575225,0,324,238,,https://sra-download.ncbi.nlm.nih.gov/traces/sra26/SRR/012594/SRR12897205,SRX9362285,nimh-seq-80,AMPLICON,PCR,OTHER,SINGLE,0,0,OXFORD_NANOPORE,MinION,SRP288253,PRJNA670824,,670824,SRS7585182,SAMN16550984,simple,2697049,Severe acute respiratory syndrome coronavirus 2,nimh-seq-80,,,,,,,no,,,,,NATIONAL INSTITUTE OF MENTAL HEALTH AND NEUROSCIENCES,SRA1147704,,public,B9A8889E8DB73650A7AF3E834C88EF09,E19B03AE34D12EDAF2DD9252F2653F21
SRR12896330,2020/10/26 2:16,2020/10/26 2:03,158274,58655446,0,370,51,,https://sra-download.ncbi.nlm.nih.gov/traces/sra29/SRR/012594/SRR12896330,SRX9361391,nimh-seq-81,AMPLICON,PCR,OTHER,SINGLE,0,0,OXFORD_NANOPORE,MinION,SRP288253,PRJNA670824,,670824,SRS7584288,SAMN16550963,simple,2697049,Severe acute respiratory syndrome coronavirus 2,nimh-seq-81,,,,,,,no,,,,,NATIONAL INSTITUTE OF MENTAL HEALTH AND NEUROSCIENCES,SRA1147703,,public,2E93330A2E4770FB46AAD2EC1F53A547,7E342C1EC5D86DF8E7409498E1E0F046
SRR12896329,2020/10/26 2:16,2020/10/26 2:03,85284,29213873,0,342,25,,https://sra-download.ncbi.nlm.nih.gov/traces/sra60/SRR/012594/SRR12896329,SRX9361392,nimh-seq-82,AMPLICON,PCR,OTHER,SINGLE,0,0,OXFORD_NANOPORE,MinION,SRP288253,PRJNA670824,,670824,SRS7584289,SAMN16550964,simple,2697049,Severe acute respiratory syndrome coronavirus 2,nimh-seq-82,,,,,,,no,,,,,NATIONAL INSTITUTE OF MENTAL HEALTH AND NEUROSCIENCES,SRA1147703,,public,0711CEEA53560206EEDE6287462FE4CA,1A522776C5089A7975F9A53CE7DDBEC9
SRR12896327,2020/10/26 2:16,2020/10/26 2:03,245045,106953495,0,436,94,,https://sra-download.ncbi.nlm.nih.gov/traces/sra3/SRR/012594/SRR12896327,SRX9361394,nimh-seq-83,AMPLICON,PCR,OTHER,SINGLE,0,0,OXFORD_NANOPORE,MinION,SRP288253,PRJNA670824,,670824,SRS7584291,SAMN16550965,simple,2697049,Severe acute respiratory syndrome coronavirus 2,nimh-seq-83,,,,,,,no,,,,,NATIONAL INSTITUTE OF MENTAL HEALTH AND NEUROSCIENCES,SRA1147703,,public,4D6E360FCE474BE5BA593E04CAE5248A,09ACAB90C1161413F8B43D7FCB4054AB
SRR12998803,2020/11/6 8:16,2020/11/12 15:21,537483,204546186,0,380,194,,https://sra-download.ncbi.nlm.nih.gov/traces/sra36/SRR/012694/SRR12998803,SRX9450230,nimh-seq-84,AMPLICON,PCR,OTHER,SINGLE,0,0,OXFORD_NANOPORE,MinION,SRP288253,PRJNA670824,,670824,SRS7584292,SAMN16550966,simple,2697049,Severe acute respiratory syndrome coronavirus 2,nimh-seq-84,,,,,,,no,,,,,NATIONAL INSTITUTE OF MENTAL HEALTH AND NEUROSCIENCES,SRA1155090,,public,3BACB1BFE8701A5B49E6C7F437A58E4D,BF5803B6B03DABD1498BB70D0C207AA7
SRR12896325,2020/10/26 2:18,2020/10/26 2:03,130020,53665961,0,412,47,,https://sra-download.ncbi.nlm.nih.gov/traces/sra80/SRR/012594/SRR12896325,SRX9361396,nimh-seq-85,AMPLICON,PCR,OTHER,SINGLE,0,0,OXFORD_NANOPORE,MinION,SRP288253,PRJNA670824,,670824,SRS7584293,SAMN16550967,simple,2697049,Severe acute respiratory syndrome coronavirus 2,nimh-seq-85,,,,,,,no,,,,,NATIONAL INSTITUTE OF MENTAL HEALTH AND NEUROSCIENCES,SRA1147703,,public,0B26AC653800FF3F00A6AB0D82672A32,B2E241E3C9A618F45C77992BE9EDB230
SRR12896324,2020/10/26 2:16,2020/10/26 2:04,993341,440981872,0,443,388,,https://sra-download.ncbi.nlm.nih.gov/traces/sra25/SRR/012594/SRR12896324,SRX9361397,nimh-seq-86,AMPLICON,PCR,OTHER,SINGLE,0,0,OXFORD_NANOPORE,MinION,SRP288253,PRJNA670824,,670824,SRS7584294,SAMN16550968,simple,2697049,Severe acute respiratory syndrome coronavirus 2,nimh-seq-86,,,,,,,no,,,,,NATIONAL INSTITUTE OF MENTAL HEALTH AND NEUROSCIENCES,SRA1147703,,public,2926662AB15615663E0D9D99AF4B1016,835CA6B8020418CC73FCB5C5B37AABA6
SRR12896323,2020/10/26 2:18,2020/10/26 2:03,115533,42572887,0,368,37,,https://sra-download.ncbi.nlm.nih.gov/traces/sra15/SRR/012594/SRR12896323,SRX9361398,nimh-seq-87,AMPLICON,PCR,OTHER,SINGLE,0,0,OXFORD_NANOPORE,MinION,SRP288253,PRJNA670824,,670824,SRS7584295,SAMN16550969,simple,2697049,Severe acute respiratory syndrome coronavirus 2,nimh-seq-87,,,,,,,no,,,,,NATIONAL INSTITUTE OF MENTAL HEALTH AND NEUROSCIENCES,SRA1147703,,public,AC9D2BAC7BD2173FBD8F1F7F01610836,C160F955F3A36B6C297FAF95B098CEA1
SRR12896322,2020/10/26 2:18,2020/10/26 2:03,42382,16840503,0,397,14,,https://sra-download.ncbi.nlm.nih.gov/traces/sra64/SRR/012594/SRR12896322,SRX9361399,nimh-seq-88,AMPLICON,PCR,OTHER,SINGLE,0,0,OXFORD_NANOPORE,MinION,SRP288253,PRJNA670824,,670824,SRS7584296,SAMN16550970,simple,2697049,Severe acute respiratory syndrome coronavirus 2,nimh-seq-88,,,,,,,no,,,,,NATIONAL INSTITUTE OF MENTAL HEALTH AND NEUROSCIENCES,SRA1147703,,public,F17CBE270C4D9A46B2F82F82E63BAC2A,6A2285ADA7F7DB507E61FFE0DA29FE37
SRR12896321,2020/10/26 2:16,2020/10/26 2:03,500844,181589435,0,362,159,,https://sra-download.ncbi.nlm.nih.gov/traces/sra50/SRR/012594/SRR12896321,SRX9361400,nimh-seq-89,AMPLICON,PCR,OTHER,SINGLE,0,0,OXFORD_NANOPORE,MinION,SRP288253,PRJNA670824,,670824,SRS7584297,SAMN16550971,simple,2697049,Severe acute respiratory syndrome coronavirus 2,nimh-seq-89,,,,,,,no,,,,,NATIONAL INSTITUTE OF MENTAL HEALTH AND NEUROSCIENCES,SRA1147703,,public,EE113429706C8B11ADB812BC99BBD5B4,01E032761457FFAB0E12DA6C188BB084
SRR12896320,2020/10/26 2:18,2020/10/26 2:03,287165,104632933,0,364,91,,https://sra-download.ncbi.nlm.nih.gov/traces/sra61/SRR/012594/SRR12896320,SRX9361401,nimh-seq-90,AMPLICON,PCR,OTHER,SINGLE,0,0,OXFORD_NANOPORE,MinION,SRP288253,PRJNA670824,,670824,SRS7584298,SAMN16550972,simple,2697049,Severe acute respiratory syndrome coronavirus 2,nimh-seq-90,,,,,,,no,,,,,NATIONAL INSTITUTE OF MENTAL HEALTH AND NEUROSCIENCES,SRA1147703,,public,29B154C818E76FDC1F385737DEB2C68C,93625B9AC622294A8BEEE5AAA1D3F397
SRR12886401,2020/10/24 2:40,2020/10/24 2:36,121074,42781127,0,353,37,,https://sra-download.ncbi.nlm.nih.gov/traces/sra63/SRR/012584/SRR12886401,SRX9352065,nimh-seq-91,AMPLICON,PCR,OTHER,SINGLE,0,0,OXFORD_NANOPORE,MinION,SRP288253,PRJNA670824,,670824,SRS7575394,SAMN16534075,simple,2697049,Severe acute respiratory syndrome coronavirus 2,nimh-seq-91,,,,,,,no,,,,,NATIONAL INSTITUTE OF MENTAL HEALTH AND NEUROSCIENCES,SRA1147418,,public,E66E137FAC64FFE423CE05BD0A090FC2,CB422D7E847ED7A14FB5827B067E5B2D
SRR12886400,2020/10/24 2:40,2020/10/24 2:36,141458,44976026,0,317,39,,https://sra-download.ncbi.nlm.nih.gov/traces/sra76/SRR/012584/SRR12886400,SRX9352066,nimh-seq-92,AMPLICON,PCR,OTHER,SINGLE,0,0,OXFORD_NANOPORE,MinION,SRP288253,PRJNA670824,,670824,SRS7575393,SAMN16534076,simple,2697049,Severe acute respiratory syndrome coronavirus 2,nimh-seq-92,,,,,,,no,,,,,NATIONAL INSTITUTE OF MENTAL HEALTH AND NEUROSCIENCES,SRA1147418,,public,594129263D0C65203CB3533AFEE5A6DF,43B88A6DC570BA73C294226963B487DC
SRR12886399,2020/10/24 2:38,2020/10/24 2:36,347605,122816874,0,353,107,,https://sra-download.ncbi.nlm.nih.gov/traces/sra52/SRR/012584/SRR12886399,SRX9352067,nimh-seq-93,AMPLICON,PCR,OTHER,SINGLE,0,0,OXFORD_NANOPORE,MinION,SRP288253,PRJNA670824,,670824,SRS7575395,SAMN16534077,simple,2697049,Severe acute respiratory syndrome coronavirus 2,nimh-seq-93,,,,,,,no,,,,,NATIONAL INSTITUTE OF MENTAL HEALTH AND NEUROSCIENCES,SRA1147418,,public,EDBCB73F41002499935BC727CDD1D2B9,11682B3EBFC90368258591EBCD74F187
SRR12886398,2020/10/24 2:40,2020/10/24 2:36,246367,85390816,0,346,74,,https://sra-download.ncbi.nlm.nih.gov/traces/sra36/SRR/012584/SRR12886398,SRX9352068,nimh-seq-94,AMPLICON,PCR,OTHER,SINGLE,0,0,OXFORD_NANOPORE,MinION,SRP288253,PRJNA670824,,670824,SRS7575396,SAMN16534078,simple,2697049,Severe acute respiratory syndrome coronavirus 2,nimh-seq-94,,,,,,,no,,,,,NATIONAL INSTITUTE OF MENTAL HEALTH AND NEUROSCIENCES,SRA1147418,,public,D3DE319CC06EF867636655C75E8EF619,17B05AB60605DCFEA10911B1735C1BDE
SRR12886397,2020/10/24 2:40,2020/10/24 2:36,44906,12175940,0,271,10,,https://sra-download.ncbi.nlm.nih.gov/traces/sra51/SRR/012584/SRR12886397,SRX9352069,nimh-seq-95,AMPLICON,PCR,OTHER,SINGLE,0,0,OXFORD_NANOPORE,MinION,SRP288253,PRJNA670824,,670824,SRS7575397,SAMN16534079,simple,2697049,Severe acute respiratory syndrome coronavirus 2,nimh-seq-95,,,,,,,no,,,,,NATIONAL INSTITUTE OF MENTAL HEALTH AND NEUROSCIENCES,SRA1147418,,public,6CEC78D8B8707038083E87CEED58E528,4C2E693E24B8E052494490EBA7B58811
SRR12886396,2020/10/24 2:38,2020/10/24 2:36,257032,83860826,0,326,73,,https://sra-download.ncbi.nlm.nih.gov/traces/sra1/SRR/012584/SRR12886396,SRX9352070,nimh-seq-96,AMPLICON,PCR,OTHER,SINGLE,0,0,OXFORD_NANOPORE,MinION,SRP288253,PRJNA670824,,670824,SRS7575398,SAMN16534080,simple,2697049,Severe acute respiratory syndrome coronavirus 2,nimh-seq-96,,,,,,,no,,,,,NATIONAL INSTITUTE OF MENTAL HEALTH AND NEUROSCIENCES,SRA1147418,,public,40FCD5D3B68728115EDEB08EB6651560,3CC14395F27C8C9342015077537A6710
SRR12886395,2020/10/24 2:38,2020/10/24 2:36,331251,121920253,0,368,106,,https://sra-download.ncbi.nlm.nih.gov/traces/sra27/SRR/012584/SRR12886395,SRX9352071,nimh-seq-97,AMPLICON,PCR,OTHER,SINGLE,0,0,OXFORD_NANOPORE,MinION,SRP288253,PRJNA670824,,670824,SRS7575399,SAMN16534081,simple,2697049,Severe acute respiratory syndrome coronavirus 2,nimh-seq-97,,,,,,,no,,,,,NATIONAL INSTITUTE OF MENTAL HEALTH AND NEUROSCIENCES,SRA1147418,,public,046A3E41ED647F980B0285F04F882F1C,C7A765A3DE6476CFD0ADB84325A4A759
SRR12886394,2020/10/24 2:38,2020/10/24 2:36,328328,120704144,0,367,105,,https://sra-download.ncbi.nlm.nih.gov/traces/sra22/SRR/012584/SRR12886394,SRX9352072,nimh-seq-98,AMPLICON,PCR,OTHER,SINGLE,0,0,OXFORD_NANOPORE,MinION,SRP288253,PRJNA670824,,670824,SRS7575400,SAMN16534082,simple,2697049,Severe acute respiratory syndrome coronavirus 2,nimh-seq-98,,,,,,,no,,,,,NATIONAL INSTITUTE OF MENTAL HEALTH AND NEUROSCIENCES,SRA1147418,,public,07AC3CDB05610B08DA57177BDAC36F08,B151E180F446F8FC4CF67815742B27E4
SRR12886393,2020/10/24 2:40,2020/10/24 2:36,118380,43104364,0,364,37,,https://sra-download.ncbi.nlm.nih.gov/traces/sra47/SRR/012584/SRR12886393,SRX9352073,nimh-seq-99,AMPLICON,PCR,OTHER,SINGLE,0,0,OXFORD_NANOPORE,MinION,SRP288253,PRJNA670824,,670824,SRS7575401,SAMN16534083,simple,2697049,Severe acute respiratory syndrome coronavirus 2,nimh-seq-99,,,,,,,no,,,,,NATIONAL INSTITUTE OF MENTAL HEALTH AND NEUROSCIENCES,SRA1147418,,public,B4599ABA32783BDA7ABBE65B448B8032,2FA3B5B38F0A0EC533DE927D1AB75ED3
SRR12881622,2020/10/23 3:52,2020/10/23 3:50,255481,94321822,0,369,82,,https://sra-download.ncbi.nlm.nih.gov/traces/sra60/SRR/012579/SRR12881622,SRX9347562,nimh-seq-01,AMPLICON,PCR,OTHER,SINGLE,0,0,OXFORD_NANOPORE,MinION,SRP288253,PRJNA670824,,670824,SRS7570555,SAMN16521209,simple,2697049,Severe acute respiratory syndrome coronavirus 2,nimh-seq-01,,,,,,,no,,,,,NATIONAL INSTITUTE OF MENTAL HEALTH AND NEUROSCIENCES,SRA1146677,,public,AA3168D77AE0363F5E5CE09A7E15E097,F9E177ADDE314BE64ED398262DBFC0AC
